{
    "overall_accuracy": 6.709891435464415,
    "overall_precision": 7.1824393393231825,
    "overall_recall": 6.709891435464415,
    "overall_f1": 6.938128524283449
}