{
    "overall_accuracy": 6.006232408524326,
    "overall_f1": 6.45370345367645,
    "avg_cer": 0.7606753637729593
}