{
    "overall_accuracy": 0.6031363088057901,
    "overall_f1": 0.7204394680755261,
    "avg_cer": 0.8540308989251562
}